{
    "width": 361.1637878417969,
    "height": 228.3374786376953,
    "offsetHorizontal": -188.5819091796875,
    "offsetVertical": 88.13874816894531,
    "viewDirection": 0,
    "axisHorizontal": "x",
    "axisVertical": "z",
    "reverseHorizontal": false,
    "reverseVertical": false
}