{
    "width": 60.83078384399414,
    "height": 38.82355880737305,
    "offsetHorizontal": 33.71539306640625,
    "offsetVertical": 20.49323272705078,
    "viewDirection": 2,
    "axisHorizontal": "x",
    "axisVertical": "y",
    "reverseHorizontal": true,
    "reverseVertical": false
}