{
    "width": 47.88947677612305,
    "height": 44.249881744384769,
    "offsetHorizontal": -20.394737243652345,
    "offsetVertical": 34.759944915771487,
    "viewDirection": 0,
    "axisHorizontal": "x",
    "axisVertical": "z",
    "reverseHorizontal": false,
    "reverseVertical": false
}