{
    "width": 62.227516174316409,
    "height": 34.57084274291992,
    "offsetHorizontal": -23.813758850097658,
    "offsetVertical": 30.28542137145996,
    "viewDirection": 0,
    "axisHorizontal": "x",
    "axisVertical": "z",
    "reverseHorizontal": false,
    "reverseVertical": false
}